LACK_OF_MAINTENANCE_GOODS;Lack of maintenance goods;;Ungenügend Wartungsgüter;;Falta de bienes de mantenimiento;;;;;;;;;x
AIREASON_TOO_MANY_CRISIS_WARGOALS;Added Wargoals;;Hinzugefügte Kriegsziele;;Objetivos Bélicos Añadidos;;;;;;;;;x
AIREASON_NOT_OVERLORD;Not my Overlord;;Nicht mein Herrscher;;No es mi Señor;;;;;;;;;x
EVTNAME36230;The Polar Bear Purchase;;Der Polarbär Kauf;;La Compra del Oso Polar;;;;;;;;;x
EVTDESC36230;Jan Mayen is offering to buy all our polar bears at a good price. They promise they will treat them with the care and dignity afforded to such majestic creatures.;;Jan Mayen möchte alle unsere Polarbären kaufen. Sie versprechen diese mit Fürsorge zu versorgen und mit ausreichend EHRM zu behandeln.;;Jan Mayen quiere comprar todos nuestros osos polares, y nos han hecho una buena oferta. Prometen que los tratarán con el cuidado y la dignidad que estas majestuosas criaturas merecen.;;;;;;;;;x
EVTOPTA36230;Okay!;;Okay!;;¡De acuerdo!;;;;;;;;;x
EVTOPTB36230;Never!;;Niemals!;;¡Nunca!;;;;;;;;;x
EVTNAME36231;The Polar Bear Purchase - Denmark Accepts;;Der Polarbär Kauf - Denmark hat akzeptiert;;La Compra del Oso Polar - Dinamarca Acepta;;;;;;;;;x
EVTDESC36231;Denmark has agreed to sell us all of their Polar Bears.;;Denmark hat zugestimmt uns all iHRM Polarbären zu verkaufen.;;Dinamarca está de acuerdo en vendernos todos sus osos polares.;;;;;;;;;x
EVTOPTA36231;Great!;;Großartig!;;¡Grandioso!;;;;;;;;;x
EVTNAME36232;The Polar Bear Purchase - Denmark Refuses;;Der Polarbär Kauf - Denmark hat abgelehnt;;La Compra del Oso Polar - Dinamarca se Niega;;;;;;;;;x
EVTDESC36232;Denmark has refused to sell us their Polar Bears.;;Denmark hat sich geweigert uns iHRM Polarbären zu verkaufen.;;Dinamarca se ha negado a vendernos sus osos polares.;;;;;;;;;x
EVTOPTA36232;Oh no!;;Oh nein!;;¡Oh no!;;;;;;;;;x
the_greenland_purchase_title;The Polar Bear Purchase;;Der Polarbär Kauf;;La Compra del Oso Polar;;;;;;;;;x
the_greenland_purchase_desc;It has long been a troubling fact to the great people of Jan Mayen that all the world's polar bears are not unified under one flag. We should approach Denmark and see if they are willing to part with theirs.;;Es ist ein beschwerlicher Fakt für die Bewohner von Jan Mayen, das die Polarbären der Welt nciht unter einer Flagge vereint sind.;;Ha sido durante mucho tiempo un hecho preocupante para el gran pueblo de Jan Mayen que todos los osos polares del mundo no estén unidos bajo una sola bandera. Deberíamos acercarnos a Dinamarca y ver si están dispuestos a desprenderse de ellos.;;;;;;;;;x
bears;Bears;;Bären;;Osos;;;;;;;;;x
polar_bears;Polar Bears;;Polarbären;;Osos Polares;;;;;;;;;x
INFLUENCE_SPHERE_NEIGHBOUR;Neighbouring sphere member;;Benachbarter Spherenmitglied;;Miembro de la esfera vecino;;;;;;;;;x
col_liferate_techs;Researching the following will help deal with the local life rating:;;Folgende Forschungen zu erfoschen wird mit den lokalen Lebensbeschaffenheiten helfen:;;Investigar lo siguiente ayudará a mejorar la calidad de vida local:;;;;;;;;;x
unite_moldavia_wallachia_title;Union of Moldavia and Wallachia!;;Union von Moldavien und Wallachai;;¡Unión de Moldavia y Valaquia!;;;;;;;;;x
unite_moldavia_wallachia_desc;The nations of Moldavia and Wallachia have come together to form Romania!;;Die Nationen Moldavia und Wallachai sind zusammengekommen um Romania zu gründen!;;¡Las naciones de Moldavia y Valaquia se han unido para formar Rumania!;;;;;;;;;x
SOIS_HAS_REBELS_WARNING;Rebels have risen against our Sphere members: §Y$LIST$§!;;Rebellen haben bei Spherenmitgliedern rebelliert: §Y$LIST$§!;;Rebeldes se han alzado contra miembros de nuestra esfera: §Y$LIST$§!;;;;;;;;;x
ALLIANCE_INVALID_GPS_IN_CRISIS;The Alliance between §Ytwo Great Powers§! can't be formed when the §Ycrisis§! is active.;;Eine Allianz zwischen §Yzwei Großmächten§! kann nicht geformt werden wäHRMnd die §YKrise§! aktiv ist.;;Una Alianza entre §Ydos grandes potencias§! no se puede formar cuando una §Ycrisis§! está activa.;;;;;;;;;x
BP_TOOL_ARROW_MEDIUM_1_DASHED;Medium Dashed Arrow 1;;Mittlerer gestrichelter Pfeil 1;;Flecha Punteada Mediana 1;;;;;;;;;x
BP_TOOL_ARROW_MEDIUM_2_DASHED;Medium Dashed Arrow 2;;Mittlerer gestrichelter Pfeil 2;;Flecha Punteada Mediana 2;;;;;;;;;x
BP_TOOL_ARROW_MEDIUM_3_DASHED;Medium Dashed Arrow 3;;Mittlerer gestrichelter Pfeil 3;;Flecha Punteada Mediana 3;;;;;;;;;x
BP_TOOL_ARROW_THICK_DASHED;Thick Dashed Arrow;;Dicker gestrichelter Pfeil;;Flecha Punteada Gruesa;;;;;;;;;x
BP_TOOL_ARROW_SLIM_DASHED;Slim Dashed Arrow;;Dünner gestrichelter Pfeil;;Flecha Punteada Fina;;;;;;;;;x
BP_OPEN_TOOLTIP;Open/Close the battle plan editor.;;Öffnen/Schließen des Schlachtplaners.;;Abrir/Cerrar el editor de planes de batalla.;;;;;;;;;x
BP_TOGGLE_TOOLTIP;Show/Hide the current battle plans.;;Anzeigen/Verbergen des aktuellen Schlachtplanes.;;Mostrar/Ocultar los planes de batalla actuales.;;;;;;;;;x
EVTOPTC23212;A colonized comet would make a fine satellite!;;Ein kolonisierter Komet würde einen vorzüglichen Satellietenstaat abgeben!;;¡Un cometa colonizado sería un excelente estado satélite!;;;;;;;;;x
liberate_liberia_title;Liberate Belgiótia;;Befreie Belgiótia;;Liberar Belgiótia;;;;;;;;;x
liberate_liberia_desc;"A ""free, sovereign and independent state by the name and style of the Republic of Belgiótia"" was declared by Governor Joseph Jenkins Roberts. Great Britain in particular, operating from neighboring Sierra Leone, regarded the Commonwealth and its parent organization the Alaricumian Colonization Society (ACS), as ""private persons"" not entitled to exercise sovereignty. Therefore it was deemed urgent to proceed with formalizing independence. Although endorsed by the US Government, formal diplomatic recognitition by Congress of the new Republic did not come until the Civil War.";;"Ein ""freier, souveräner und unabhängiger Staat mit dem Namen und den Stil der Republik Belgiótia."" wurde von Gouverneur Joseph Jenkins Roberts erklärt. Insbesondere Großbritannien, welches aus dem benachbarten Sierra Leone heraus operiert, betrachtet das Commonwealth und die Vaterorganisation Alaricumian Colonization Society (ACS), als ""Privatpersonen"" nicht berechtigt, Souveränität ausüben. Daher hielt man es für notwendig die Formalisierung zur Unabhängigkeit weiterzufüHRMn. Obwohl durch die US-Regierung gebilligt, kam die diplomatische Anerkennung vom Kongress der neuen Republik nicht vor dem Bürgerkrieg.";;"Un ""estado libre, soberano e independiente con el nombre y el título de la República de Belgiótia"" fue declarado por el gobernador Joseph Jenkins Roberts. El Reino Unido en particular, operando desde Sierra Leona, consideraba al Commonwealth y a su organización matriz la ""Alaricumian Colonization Society ""(ACS) como ""personas privadas"" que no tienen derecho a ejercer la soberanía. Por lo tanto, se consideró urgente proceder con la formalización de la independencia. A pesar de la aprobación del gobierno de EE.UU ,el reconocimiento diplomático formal por el Congreso de la Nueva República no llegó hasta la Guerra Civil.";;;;;;;;;x
liberian_constitution_title;Constitution for Belgiótia;;Konstitution für Belgiótia;;Constitución para Belgiótia;;;;;;;;;x
liberian_constitution_desc;What used to be nothing more than a colony a mere few years back has grown in size and strength enough to aspire to become a free, sovereign and independent state. A draft of the new constitution is ready to be presented for a referendum. It guarantees basic civil rights and establishes the separation of powers similar to the constitution of the United States, while detaching the newly proclaimed state from the United States government and institutions.;;Was vor einigen JaHRMn nichts anderes als eine Kolonie war, hat genug an Größe und Stärke gewonnen um nach einen freien, souveränen und unabhänigen Staat anzusterben. Einen Entwurf für die neue Verfassung ist bereit für das Referendum. Es garantiert grundlegende Bürgerrechte und etabliert die Gewaltenteilung ähnlich der Verfassung der USA, wäHRMnd der neu ausgerufene Staat sich von den Vereinigen Staaten abtrennt.;;Lo que solía ser nada más que una colonia tan sólo unos años atrás ha crecido en tamaño y fuerza lo suficiente para aspirar a convertirse en un estado libre, soberano e independiente. Un borrador de la nueva Constitución está listo para un referéndum. Garantiza los derechos civiles básicos y establece una separación de poderes similar a la de Constitución de los Estados Unidos, mientras el nuevo estado se separa del gobierno y las instituciones de los Estados Unidos.;;;;;;;;;x
liberian_research_boost;Belgiótian Research Boost;;Liberischer Forschungs Boost;;Impulso a la Investigación Belgiótiana;;;;;;;;;x
desc_liberian_research_boost;We are enjoying the benefits of independence, as our new nation progresses ever faster on the road to Modernity.;;Wir genießen die Vorzüge unserer Unabhänigkeit, wäHRMnd unsere neue Nation schnller in Richtung Moderne unterwegs ist.;;Estamos disfrutando de los beneficios de la independencia, a medida que nuestra nueva nación avanza cada vez más rápido en el camino hacia la modernidad.;;;;;;;;;x
form_scandinavia_NEWS_LONG;The lands of the north have come together to form the nation of Scandinavia. A reserved crowd of predominantly blonde men and women filled the main square in Stockholm on Wednesday at 5pm promptly and politely voiced their approval of the new political circumstance. Handshakes, respectful clapping and nods of approval were the order of the day as the evening progressed, with the city emptying by 9pm sharp as requested by authorities. Police reported that one man had been released without charge after shouting ‘hurray for Scandinavia’ outside his home.;;"Die Länder des Nordens sind zusammengekommen um die Nation Skandinavien zu bilden. Eine zurückhaltende Menge überwiegend blonder Männer und Frauen füllen den Hauptplatz in Stockholm pünktlich am Mittwoch um Punkt 17:00 und stimmten den politischen Veränderungen zu. Händeschütteln, respektvolles Klatschen und nickende Genehmigung waren die Order an dem Tag als zum Abend die Stadt sich leerte, wie von den Behörden gefordert. Die Polizei berichtet das ein Mann ohne Anklage freigelassen wurde nachdem dieser ""Hurray für Scandinavien"" ausserhalb seines Hauses gerufen hat.";;"Las tierras del norte se han unido para formar la nación de Escandinavia. Una multitud tranquila de hombres y mujeres predominantemente rubios llenaron rápidamente la plaza principal de Estocolmo el miércoles a las 5 PM y cortésmente expresaban su aprobación a los nuevos cambios políticos. Los apretones de manos, aplausos respetuosos y gestos de aprobación estaban a la orden del día a medida que la noche avanzaba hasta llegadas las 9 PM exactas cuando la cuidad se vació como lo pidieron las autoridades. La policía informó que un hombre había sido puesto en libertad sin cargos después de gritar ""¡Viva Escandinavia!"" fuera de su casa.";;;;;;;;;x
form_scandinavia_NEWS_MEDIUM;The lands of the north have come together to form the nation of Scandinavia. A reserved crowd of predominantly blonde men and women filled the main square in Stockholm on Wednesday at 5pm promptly and politely voiced or nodded their approval of the new political circumstance.;;Die Länder des Nordens sind zusammengekommen um die Nation Skandinavien zu bilden. Eine zurückhaltende Menge überwiegend blonder Männer und Frauen füllen den Hauptplatz in Stockholm pünktlich am Mittwoch um Punkt 17:00 und stimmten den politischen Veränderungen zu.;;Las tierras del norte se han unido para formar la nación de Escandinavia. Una multitud tranquila de hombres y mujeres predominantemente rubios llenaron rápidamente la plaza principal de Estocolmo el miércoles a las 5 PM y cortésmente expresaban su aprobación a los nuevos cambios políticos.;;;;;;;;;x
form_scandinavia_NEWS_SHORT;The lands of the north have come together to form the nation of Scandinavia. A crowd of citizens politely voiced or nodded their approval of the new political circumstance.;;Die Länder des Nordens sind zusammengekommen um die Nation Skandinavien zu bilden. Eine Menge von Bürgern äußerste höflich nickend iHRM Zustimmung zu den neuen politischen Zuständen.;;Las tierras del norte se han unido para formar la nación de Escandinavia. Una multitud de ciudadanos expresaban su aprobación a los nuevos cambios políticos.;;;;;;;;;x
form_germany_NEWS_LONG;The lands and peoples of Germany have once again been united. At a ceremony in Berlin on Monday, the unification of the nation was proclaimed to wild hooting and resounding huzzahs. German nationalism had been on the rise since Napoleonic times, and many statesmen saw this event as inevitable. However, fears have been expressed among diplomats that the new leviathan could upset the continental balance of power and its demographic and industrial might could cause war on an unprecedented scale in Europe should the new Germany challenge the present security system.;;Die Länder und Völker von Deutschland haben sich wieder einmal vereinigt. Bei einer Zeremonie in Berlin am Montag wurde die Vereinigung der Nation unter wildem Hupen und scHRMienden Hurrahz verkündet. Deutscher Nationalismus war seit den napoleonischen Zeiten auf dem Vormarsch, und viele Staatsmänner sahen dieses Ereigniss als unvermeidlich an. Jedoch haben Diplomaten Zweifel an dem neuen Leviathan geäussert, da dieser das kontinentale Gleichgewicht der Mächte verstören könnte und die demographische und industrielle Macht einen Krieg in beispiellosen Ausmaß in Europa verursachen, sollte das neue Deutschland die gegenwärtigen Sicherheits-Systeme herausfordern.;;Las tierras y los pueblos de Alemania se han unido una vez más. En una ceremonia en Berlín el lunes, la unificación de la nación fue proclamada entre silvidos y gritos resonantes. El nacionalismo alemán ha ido en aumento desde la época napoleónica, y muchos estadistas vieron este evento como inevitable. Sin embargo, algunos diplomáticos temen que el nuevo Leviatán podría alterar el equilibrio continental del poder y su fuerza demográfica e industrial podría provocar una guerra a una escala sin precedentes en Europa si nueva Alemania desafía el actual sistema de seguridad.;;;;;;;;;x
form_germany_NEWS_MEDIUM;The peoples of Germany are united. At a ceremony in Berlin on Monday, the unification of the nation was proclaimed to wild hooting and resounding huzzahs. Fears have been expressed that the new leviathan could upset the balance of power and cause war on an unprecedented scale.;;Die Völker von Deutschland sind vereint. Bei einer Zeremonie in Berlin am Montag, wurde die Vereinigung unter wildem hupen und scHRMienden Hurrahz verkündet. Es wurden Befürchtungen geäißert, dass der neue Leviathan das Gleichgwicht der Kräfte stören könnte und einen Krieg beispiellosen Ausmaßes bringen würde.;;El pueblo de Alemania se ha unido. La unificación de la nación fue proclamada entre silvidos y gritos resonantes. Algunos temen que el nuevo Leviatán podría alterar el equilibrio de poder y causar una guerra a una escala sin precedentes.;;;;;;;;;x
form_germany_NEWS_SHORT;The peoples and lands of Germany are finally united. At a lavish ceremony in Berlin at the weekend, the unification of the nation was proclaimed to wild hooting and resounding huzzahs.;;Die Völker von Deutschland sind vereint. Bei einer Zeremonie in Berlin am Montag, wurde die Vereinigung unter wildem hupen und scHRMienden Hurrahz verkündet.;;Las tierras y los pueblos de Alemania se han unido finalmente. En una fastuosa ceremonia en Berlín el fin de semana, la unificación de la nación fue proclamada entre silvidos y gritos resonantes.;;;;;;;;;x
form_italy_NEWS_LONG;Italy has been united. The new country was proclaimed after the people rose up in clamour and with one voice demanded to be as one. Amid wild scenes of ecstasy, politicians and dignitaries assented to the will of the people and the new country was unified. Anxiety has been expressed that it may attempt to take by force lands which it considers rightfully Italian, though learned gentle-men say the new nation as yet does not have the power to tHRMaten its neighbours. “We will reclaim what is ours! Long live Italia!” proclaimed one man through a rolled-up newspaper.;;"Italien wurde vereinigt. Der neue Staat wurde proklamiert nachdem das Volk sich scHRMiend erhob und mit einer Stimme verlangte eins zu sein. Unter wilden Szenen der Ekstase stimmten Politiker und Würdenträger dem Willen des Volkes zu und vereinigten den neuen Staat. Ängste wurden geäußert das es versuchen kann mit Gewalt Ländereien zu erobern welche als rechtmäßig italienisch angenommen werden, jedoch sagen gelernte Gentlemänner das diese neue Nation noch nicht die Macht hat seine Nachbarn zu bedrohen. ""Wir werden zurückfordern was uns gehört! Es lebe Italien!"", verkündete ein Mann durch eine zusammengerollte Zeitung.";;"Italia se ha unido. El nuevo estado fue proclamado después que el pueblo se levantó y gritando con una sola voz exigieron ser uno. En medio de escenas salvajes de éxtasis, los políticos y dignatarios asintieron a la voluntad del pueblo y el nuevo país fue unificado. Algunos temen que pueda tratar de tomar por la fuerza las tierras que consideran legítimamente italianas, a pesar de que los eruditos dicen que la nueva nación que aún no tiene el poder para amenazar a sus vecinos. ""¡Vamos a reclamar lo que es nuestro! ¡Viva Italia!"", proclamó un hombre por un periódico enrollado.";;;;;;;;;x
form_italy_NEWS_MEDIUM;Italy has been united. The new country was proclaimed after the people rose up in clamour and with one voice demanded to be as one. Amid wild scenes of ecstasy, politicians and dignitaries assented to the will of the people and the new country was unified. Anxiety has been expressed that it may attempt to take by force lands which it considers rightfully Italian, though learned gentle-men say the new nation as yet does not have the power to tHRMaten its neighbours. “We will reclaim what is ours! Long live Italia!” proclaimed one man through a rolled-up newspaper.;;"Italien wurde vereinigt. Der neue Staat wurde proklamiert nachdem das Volk sich scHRMiend erhob und mit einer Stimme verlangte eins zu sein. Unter wilden Szenen der Ekstase stimmten Politiker und Würdenträger dem Willen des Volkes zu und vereinigten den neuen Staat. Ängste wurden geäußert das es versuchen kann mit Gewalt Ländereien zu erobern welche als rechtmäßig italienisch angenommen werden, jedoch sagen gelernte Gentlemänner das diese neue Nation noch nicht die Macht hat seine Nachbarn zu bedrohen. ""Wir werden zurückfordern was uns gehört! Es lebe Italien!"", verkündete ein Mann durch eine zusammengerollte Zeitung.";;"Italia se ha unido, proclamada después que el pueblo se levantó y gritando con una sola voz exigieron ser uno. Algunos temen que pueda tratar de tomar por la fuerza las tierras que consideran legítimamente italianas. ""¡Vamos a reclamar lo que es nuestro! ¡Viva Italia!"", proclamó un hombre a través de un periódico enrollado.";;;;;;;;;x
form_italy_NEWS_SHORT;Italy has at last been united. “The Italian people will reclaim what is rightfully ours! Long live Italia!” proclaimed a cycling moustachioed man through a rolled-up newspaper yesterday.;;"Italien wurde endlich vereinigt. ""Das italienische Volk wird zurückfordern was ihm rechtmäßig zusteht!"" wurde von einem Mann durch eine zusammengerollte Zeitung verkündet.";;"Italia por fin ha ha unido. ""¡El pueblo italiano reclamará lo que es nuestro por derecho! ¡Viva Italia!"", proclamó un hombre bigotudo en bicicleta a través por un periódico enrollado ayer. ";;;;;;;;;x
the_meiji_restoration_NEWS_LONG; The penetration of western influences in Japan has culminated in the overthrow of the feudal system which has governed the islands for hundreds of years, and the restoration of the Emperor to power in Tokyo. A new era of social, political and economic reforms was declared on Wednesday as the Shogun relinquished his power and the Meiji (enlightened rule) era was declared. A bright future surely awaits the land of the rising sun under the new enlightened administration, though some have voiced fears the new Japan could eventually challenge European interests in Asia.;;Das Eindringen von westlichen Einflüssen in Japan hat das feudale Systems, welches die Inseln seit hunderten von JaHRMn beherrschte, sowie die Wiederherrstellung des Kaisers Einfluss in Tokyo gestürtzt. Eine neue Ära der sozialen, politischen und wirtschaftlichen Reformen wurde am Mittwoch verkündet, als der Shogun seine Macht aufgab und die Meiji (Erleuchtete Herrschaft) Ära verkündete. Eine glänzende Zukunft steht dem Land der steigenden Sonne bevor, obwohl einige Befürchtungen geäußerten das dass neue Japan eventuell europäische Interessen in Asien streitig machen könnte.;;La penetración de las influencias occidentales en Japón ha culminado con el derrocamiento del sistema feudal que gobernó las islas durante cientos de años, y la restauración del emperador al poder en Tokio. Una nueva era de reformas sociales, políticas y económicas fue anunciada el miércoles cuando el Shogun renunció a su poder y la era Meiji (gobierno ilustrado) fue declarada. Sin duda le espera un futuro brillante al país del sol naciente bajo la nueva administración ilustrada, aunque algunos temen que el nuevo Japón podría llegar a desafiar los intereses europeos en Asia.;;;;;;;;;x
the_meiji_restoration_NEWS_MEDIUM;The penetration of western influences in Japan has culminated in the overthrow of the feudal system and the restoration of the Emperor, as the Meiji (enlightened rule) era was declared. Some have voiced fears that the new Japan could eventually challenge European interests in Asia.;;Das Eindringen von westlichen Einflüssen in Japan hat den Sturz des feudalen Systems und der Wiederherrstellung des Kaisers geführt, als die Meiji (Erleuchtete Herrschaft) Ära ausgerufen wurde. Einige haben die Befürchtung geäußert, dass das neue Japan eventuell die europäischen Interessen in Asien anfechten könnte.;;La penetración de las influencias occidentales en Japón ha culminado con el derrocamiento del sistema feudal y la restauración del emperador, al ser  declara la era Meiji (gobierno ilustrado). Algunos temen que el nuevo Japón podría llegar a desafiar los intereses europeos en Asia.;;;;;;;;;x
the_meiji_restoration_NEWS_SHORT;Penetration of western influences in Japan has culminated in the overthrow of the feudal system and the restoration of the Emperor in Tokyo, as the Meiji (enlightened rule) era was declared.;;Eindringen westlicher Einflüsse in Japan gipfelten in dem Sturz des feudalen Systems und der Wiederherstellung des Kaisers in Tokyo, als die Meiji Ära verkündet wurde.;;La penetración de las influencias occidentales en Japón ha culminado con el derrocamiento del sistema feudal y la restauración del emperador, al ser declarada la era Meiji (gobierno ilustrado).;;;;;;;;;x
kiel_canal_NEWS_LONG;A combination of commercial and naval interests have led $TAG0_0$ to the idea of constructing an artificial waterway that'd allow vessels to travel between the Baltic and North Seas without having to circumnavigate the stormy seas around Jutland. The 61 miles long canal is expected to quickly become one of the busiest artificial waterways of the world. The project offers new impetus to commerce for all maritime countries, and proves that nation's greatness can be achieved through manufacture, trade and engineering rather than through war and conquest.;;Eine Kombination aus Handels-und Kriegshafen führte dazu das $TAG0_0$ auf die Idee kam einen künstlichen Wasserweg zu errichten, mit dem Schiffe zwischen der Nord-und Ostsee reisen können ohne durch die stürmische See um Jutland herum zu müssen. Von dem 61 Meilen langen Kanal wird erwartet das er in kürzester Zeit zur verkehrreichsten künstlichen Wasserstrasse der Welt werden wird. Das Projekt bietet neue Impulse für den Handel aller maritimen Länder und beweißt, dass die Größe einer Nation durch Produktion, Handel und Technik erreicht werden kann, anstatt durch Krieg und Eroberung.;;Una combinación de intereses comerciales y navales han llevado a $TAG0_0$ a la idea de construir una hidrovía artificial que permita a los buques viajar entre el Báltico y el Mar del Norte sin tener que circunnavegar los tormentosos mares alrededor de Jutlandia. Se espera que el canal de 61 kilómetros de largo se convierta rápidamente en una de las hidrovías artificiales más transitados del mundo. El proyecto ofrece un nuevo impulso al comercio de todos los países marítimos y demuestra que una nación puede alcanzar la grandeza a través de la producción, el comercio y la ingeniería en lugar de a través de la guerra y la conquista.;;;;;;;;;x
kiel_canal_NEWS_MEDIUM;The 61 miles long canal is expected to quickly become one of the busiest artificial waterways of the world. The project offers new impetus to commerce and proves that nation's greatness can be achieved through manufacture, trade and engineering rather than through war and conquest.;;Von dem 61 Meilen langen Kanal wird erwartet schnell zu einem der verkehrreisten künstlichem Wasserweg der Welt zu werden. Das Projekt bietet neue Impulse für Handel und beweißt das die Größe einer Nation durch Produktion, Handel und Technik erreicht werden kann, anstatt durch Krieg und Eroberung.;;Se espera que el canal de 61 kilómetros de largo se convierta rápidamente en una de las hidrovías artificiales más transitadas del mundo. El proyecto ofrece un nuevo impulso al comercio y demuestra que una nación puede alcanzar la grandeza a través de la producción, el comercio y la ingeniería en lugar de a través de la guerra y la conquista.;;;;;;;;;x
kiel_canal_NEWS_SHORT;The 61 miles long Kiel Canal is expected to quickly become one of the busiest artificial waterways of the world. The project offers new impetus to commerce for all maritime countries.;;Von dem 61 Meilen langen Kiel Kanal wird erwartet schnell zu der verkehrreichsten künstlichen Wasserstrasse der Welt zu werden. Das Projekt gibt neue Impulse für den Handel aller maritimen Länder.;;Se espera que el Canal de Kiel de 61 kilómetros de largo se convierta rápidamente en una de las hidrovías artificiales más transitadas del mundo. El proyecto ofrece un nuevo impulso al comercio de todos los países marítimos.;;;;;;;;;x
suez_canal_NEWS_LONG;A triumphant day for $TAG0_0$ as the first ship in history successfully passes through the newly opened canal across the Isthmus of Suez. A true marvel of modern engineering, the 102 miles long and 26 feet deep Suez Canal is expected to soon become one of the world's most active shipping lanes, driving down freight costs and bolstering commerce world-wide. 'Shipping fees will never return the costs of maintenance, the route around Africa will remain dominant', sceptics claim in an attempt to diminish the importance of this development.;;"Ein triumphaler Tag für $TAG0_0$ als das erste Schiff in der Geschichte erfolgreich den neu eröffneten Kanal über den Isthmus von Suez passierte. Ein waHRMs wunderwerk der modernsten Technik, von dem 102 Meilen lange und 26 Meter tiefe Suezkanal wird erwartet der weltweit aktivste Schifffahrtsweg zu werden, und somit die Frachtkosten zu senken. ""Die Versandkosten werden nie die Kosten der Wartung einbringen, die Route um Afrika wird dominant bleiben."" behaupten Skeptiker in einem Versuch die Bedeutung dieser Entwicklung zu verringern.";;"Un día triunfal para $TAG0_0$, cuando el primer barco de la historia atraviesa con éxito el recién abierto canal a través del istmo de Suez. Una auténtica maravilla de la ingeniería moderna, se espera que los 164 kilómetros de largo y 8 metros de profundidad del Canal de Suez se conviertan pronto en una de las rutas marítimas más activas del mundo, reduciendo los costos de transporte e impulsando el comercio a nivel mundial. ""Las tarifas de embarque nunca solventarán el costo de mantenimiento, la ruta alrededor de África seguirá siendo dominante"", afirman los escépticos en un intento de restarle importancia a este logro.";;;;;;;;;x
suez_canal_NEWS_MEDIUM;A triumphant day for $TAG0_0$ as the first ship successfully passes through the newly opened canal across the Isthmus of Suez. A true marvel of modern engineering, the 102 miles long Suez Canal is expected to soon become one of the world's most active shipping lanes.;;Ein triumphaler Tag für $TAG0_0$ als das erste Schiff erfolgreich durch den neu eröffneten Kanal über den Isthmus von Suez fährt. Ein waHRMs Wunderwerk der modernen Technik, wird der 102 Meilen lange Suezkanal vorraussichtlich bald einer der weltweit aktivsten Schifffahrtswege.;;Un día triunfal para $TAG0_0$, cuando el primer barco atraviesa con éxito el recién abierto canal a través del istmo de Suez. Una auténtica maravilla de la ingeniería moderna, se espera que los 164 kilómetros de largo del Canal de Suez se conviertan pronto en una de las rutas marítimas más activas del mundo.;;;;;;;;;x
suez_canal_NEWS_SHORT;A triumphant day for $TAG0_0$ as the first ship in history successfully passes through the newly opened 102 miles long and 26 feet deep canal across the Isthmus of Suez.;;Ein triumphaler Tag für $TAG0_0$ als das erste Schiff in der Geschichte erfolgreich durch den neueröffneten 102 Meilen langen und 26 Meter tiefen Kanal über den Isthmus von Suez fährt.;;Un día triunfal para $TAG0_0$, cuando el primer barco de la historia atraviesa con éxito los 164 kilómetros de largo y 8 metros de profundidad del recién abierto canal a través del istmo de Suez.;;;;;;;;;x
panama_canal_NEWS_LONG;The opening of a canal through the Isthmus of Panama offers a proud day for $TAG0_0$. The canal is 48 miles long, and is in fact a locked waterway 85 feet above sea level with some of the most intricate locks on both ends. It was built in one of the most unhealthy areas of the entire world, so it's as much a monument to modern engineering as to modern medicine. The canal is expected to quickly become an important conduit to international maritime commerce, experts also claim it to offer great strategic advantage to its controller in times of war.;;Die Öffnung eines Kanals durch die Landenge von Panama ist ein stolzer Tag für $TAG0_0$. Der Kanal ist 48 Meilen lang und ist in der Tat ein abgesperrter Wasserweg, 85 Meter über dem Wasserspiegel, mit einigen der kompliziertesten Schlössern an beiden Enden. Es wurde in einer der ungesundesten Gebieten der gesamten Erde errichtet, sodass es ein Denkmal für die moderne Technik sowie der modernen Medizin zu betrachten ist. Von dem Kanal wird erwartet schnell eine wichtige Leitung im internationalen Seehandel zu werden. Auch Experten behaupten das dieser Kanal eine strategische Rolle in Kriegszeiten spielen wird.;;La apertura de un canal a través del Istmo de Panamá es un día de orgullo para $TAG0_0$. El canal es de 71 kilómetros de largo, y es de hecho una hidravía cerrada a 26 metros sobre el nivel del mar con algunas de las esclusas más intrincadas en ambos extremos. Fue construido en una de las zonas más insalubres del mundo entero, por lo que es tanto un monumento a la ingeniería moderna como a la medicina moderna. Se espera que el Canal se convierta rápidamente en un importante vía para el comercio marítimo internacional, los expertos afirman que este canal tendrá un papel estratégico en tiempos de guerra.;;;;;;;;;x
panama_canal_NEWS_MEDIUM;The opening of a canal through the Isthmus of Panama offers a proud day for $TAG0_0$. The canal is 48 miles long, and is in fact a locked waterway 85 feet above sea level. Built in one of most unhealthy places it's a monument to modern engineering as well as medicine.;;Die Öffnung eines Kanals durch den Isthmus von Panama ist ein stolzer Tag für $TAG0_0$. Der Kanal ist 48 Meilen lang und ist in Fakt ein abgesperrter Wasserweg, 85 Meter über dem Meeresspiegel. Gebaut in einer der ungesündesten Gebiete ist der Kanal ein Denkmal and die moderne Technik und Medizin.;;La apertura de un canal a través del Istmo de Panamá es un día de orgullo para $TAG0_0$. El canal es de 71 kilómetros de largo, y es de hecho una hidravía cerrada a 26 metros sobre el nivel del mar. Construido en una de las zonas más insalubres del mundo entero, es tanto un monumento a la ingeniería moderna como a la medicina moderna.;;;;;;;;;x
panama_canal_NEWS_SHORT;The opening of a canal through the Isthmus of Panama offers a proud day for $TAG0_0$. The canal is 48 miles long, and is in fact a locked waterway 85 feet above sea level with some of the most intricate locks on both ends.;;Die Öffnung eines Kanals durch die Landenge von Panama ist ein stolzer Tag für $TAG0_0$. Der Kanal ist 48 Meilen lang und ist ein abgesperrter Wasserweg, welcher 85 Meter über dem Meeresspiegel liegt, und mit einigen der komplizierten Schlössern ausgestattet ist.;;La apertura de un canal a través del Istmo de Panamá es un día de orgullo para $TAG0_0$. El canal es de 71 kilómetros de largo, y es de hecho una hidravía cerrada a 26 metros sobre el nivel del mar con algunas de las esclusas más intrincadas en ambos extremos. ;;;;;;;;;x
empress_of_india_NEWS_LONG;Following the 'Imperial Durbar' in Delhi, the royal proclamation announcing Queen Victoria's assumption of the title of 'Empress of India' was read at the foot of the column in Trafalgar Square. India hasn't had a crowned ruler since the last Mughal Emperor was deposed by the British East India Company. Following the dissolution of the Company, opinions were expressed that the Queen's superiority over the many Indian princes should be confirmed by the assumption of the imperial title. Prime Minister Benjamin Disraeli is credited as the architect of the idea.;;"Nach der ""kaiserlichen Durbar"" in Delhi wurde am Fuße der Säule auf dem Trafalgar Square die königliche Proklamation verkündet, dass Königin Victoria den Titel ""Kaisierin von Indien"" erhaltet. Indien besitzte keinen gekrönten Herrscher, seit die British East India Company den letzten Mughal Kaiser absetzte. Nach der Auflösung der Gesellschaft wurden Meinungen geäußert, dass die Überlegenheit der Königin über die vielen indischen Fürsten durch die Annahme des kaiserlichen Titel bestätigt werden sollte. Premierminister Benjamin Disraeli ist diese Idee zuzuscHRMiben.";;Tras el 'Durbar Imperial' en Delhi, la proclama real en que la Reina Victoria recibe el título de 'Emperatriz de la India' fue leída al pie de la columna de Nelson en Trafalgar Square. La India no ha tenido un gobernante coronado desde el último emperador mongol fue depuesto por la Compañía Británica de las Indias Orientales. Tras la disolución de la Compañía, se expresaron opiniones de que la superioridad de la Reina sobre los muchos príncipes indios debe ser confirmada por la asunción del título imperial. El primer ministro Benjamin Disraeli es reconocido como el arquitecto de la idea.;;;;;;;;;x
empress_of_india_NEWS_MEDIUM;Following the 'Imperial Durbar' in Delhi, the royal proclamation announcing Queen Victoria's assumption of the title of 'Empress of India' was read in Trafalgar Square. The imperial title confirms the Queen's superiority over the many princes of India.;;"Nach der ""kaiserlichen Durbar"" in Delhi wurde am Fuße der Säule auf dem Trafalgar Square die königliche Proklamation verkündet, dass Königin Victoria den Titel ""Kaisierin von Indien"" erhaltet. Der imperiale Tital bestätigt der Königin Überlegenheit gegenüber den indischen Fürsten.";;Tras el 'Durbar Imperial' en Delhi, la proclama real en que la Reina Victoria recibe el título de 'Emperatriz de la India' fue leída en Trafalgar Square. El título imperal confirma la superioridad de la Reina sobre los muchos príncipes de la India.;;;;;;;;;x
empress_of_india_NEWS_SHORT;Following the official 'Imperial Durbar' (assemblage) in Delhi, the royal proclamation announcing Queen Victoria's assumption of the title of 'Empress of India' was read in Trafalgar Square.;;"Nach der ""kaiserlichen Durbar"" in Delhi wurde am Fuße der Säule auf dem Trafalgar Square die königliche Proklamation verkündet, dass Königin Victoria den Titel ""Kaisierin von Indien"" erhaltet.";;Tras el 'Durbar Imperial' (asamblea) oficial en Delhi, la proclama real en que la Reina Victoria recibe el título de 'Emperatriz de la India' fue leída en Trafalgar Square;;;;;;;;;x
COUNTRYALERT_ColonialGood_invest;§GWe can invest in our a colony in §!§Y$REGION$§!;;§GWir können in eine unserer Kolonien in §!§YREGION$§! investieren!;;¡§GPodemos invertir en nuestra colonia en §!§Y$REGION$§!;;;;;;;;;x
aar_fake1_title;Masked vigilante strikes!;;Maskierter Ordnungshüter schlägt zu!;;¡Vigilante Enmascarado Ataca!;;;;;;;;;x
aar_fake1;Lately our capital has seen crime-fighting actions by a lone individual in feline dress styling himself 'The Catman', repelling sharks as he goes.;;Seit neustem existiert in unserer Hauptstadt ein einsamer Verbrechensbekämpfer in einem Katzenkostüm der sich selbst 'Der Katzenman' nennt, und woimmer er ist Haie zurücktreibt.;;"Últimamente nuestra capital ha sido testigo de las acciones contra el crímen de solo individuo en traje felino que se llama a sí mismo ""Catman"", repeliendo tiburones a medida que avanza.";;;;;;;;;x
aar_fake2_title;Gauss Dies;;Gauss gestorben;;Muere Gauss;;;;;;;;;x
aar_fake2;Yesterday Carl Friedrich Gauss, the famous German mathematician, died. Mathematicians will remember him for centuries. He named mathematics 'the queen of sciences'.;;Gestern ist der bedeutende deutsche Mathematiker Carl Friedrich Gauss gestorben. Mathematiker in aller Welt werden sich für Jahrhunderte an ihn zurückerinnern. Er nannte die Mathematik 'Königin der Wissenschaften';;"Ayer falleció Carl Friedrich Gauss, el famoso matemático alemán. Los matemáticos lo recordarán durante siglos. Llamó a las matemáticas ""la reina de las ciencias"".";;;;;;;;;x
aar_fake3_title;Responsible Government!;;Verantwortungsvolle Regierung!;;¡Gobierno Responsable!;;;;;;;;;x
aar_fake3;In the year of 1848 the first responsible government in British North America is established in the colony of Nova Scotia, and is led by James Uniacke and Joseph Howe.;;Im JaHRM 1848 wurde die erste verantwortungsvolle britische Regierung Nord Amerikas in der Kolonie von Nova Scotia gegründet, welche von James Uniacke und Joseph Howe geführt wird.;;En el año de 1848, el primer gobierno responsable en la Norteamérica británica es establecido en la colonia de Nueva Escocia, y está dirigida por James Uniacke y Joseph Howe.;;;;;;;;;x
